asset_id,name,value_raw,unit_raw,value_norm,unit_norm,confidence,source,te_reason
b73089e2-ddc5-5685-83b1-90a3703b0382,NetVolume,6.437500000000378,,6.437500000000378,m³,1.0,ifc,assume_m3
b73089e2-ddc5-5685-83b1-90a3703b0382,Depth,250.00000000009484,,250.00000000009484,m,1.0,ifc,assume_m
b73089e2-ddc5-5685-83b1-90a3703b0382,NetArea,25.749999999991743,,25.749999999991743,m²,1.0,ifc,assume_m2
6e9a5f25-41c9-5e06-ad10-b978bc041f3b,NetVolume,6.7203428483966,,6.7203428483966,m³,1.0,ifc,assume_m3
6e9a5f25-41c9-5e06-ad10-b978bc041f3b,Depth,300.0000000001534,,300.0000000001534,m,1.0,ifc,assume_m
6e9a5f25-41c9-5e06-ad10-b978bc041f3b,NetArea,22.40114282797721,,22.40114282797721,m²,1.0,ifc,assume_m2
6b740cfe-05f4-5f54-9bf3-86f5e61aa2a4,NetVolume,9.36350799647189,,9.36350799647189,m³,1.0,ifc,assume_m3
6b740cfe-05f4-5f54-9bf3-86f5e61aa2a4,Depth,300.0000000000386,,300.0000000000386,m,1.0,ifc,assume_m
6b740cfe-05f4-5f54-9bf3-86f5e61aa2a4,NetArea,31.211693321568944,,31.211693321568944,m²,1.0,ifc,assume_m2
